<?xml version="1.0"?>

<config xmlns:xsi="http://www.w3.org/2001/XMLSchema-instance"
    xsi:noNamespaceSchemaLocation="../../../../../lib/internal/Magento/Framework/ObjectManager/etc/config.xsd">
    <type name="Mylog\Mylogger\Log\Handler">
        <arguments>
            <argument name="filesystem" xsi:type="object">Magento\Framework\Filesystem\Driver\File</argument>
        </arguments>
    </type>
    <type name="Mylog\Mylogger\Log\Customlogger">
        <arguments>
            <argument name="name" xsi:type="string">customLogFile</argument>
            <argument name="handlers"  xsi:type="array">
                <item name="system" xsi:type="object">Mylog\Mylogger\Log\Handler</item>
            </argument>
        </arguments>
    </type>
</config>